<?xml version="1.0" encoding="ISO-8859-1"?>
<project name="GitHub API for Java">
  <bannerLeft>
    <name>GitHub API for Java</name>
    <href>http://github-api.kohsuke.org/</href>
  </bannerLeft>
  <skin>
    <groupId>org.kohsuke</groupId>
    <artifactId>maven-skin</artifactId>
    <version>1.2</version>
  </skin>
  
  <body>
    <menu name="Git Hub API for Java">
      <item name="Introduction"                   href="/index.html"/>
      <item name="Download"               href="http://mvnrepository.com/artifact/${project.groupId}/${project.artifactId}"/>
      <item name="Source code" href="https://github.com/kohsuke/${project.artifactId}"/>
      <item name="Mailing List" href="https://groups.google.com/forum/#!forum/github-api"/>
    </menu>

    <menu name="References">
      <item name="Javadoc" href="apidocs/index.html"/>
    </menu>

    <menu ref="reports"/>
  </body>
</project>

